Workbook

Sheet 说明
A1: 舆情数据「报表 → 数据库」原子化改造示例
A3: 1. 本文件所有数据均为编造的示例数据，仅用于展示表格结构，不代表任何真实舆情。
A4: 2. 核心原则：舆情事实表 = 一行一条不可再分的舆情事实；其余维度表全部用公式从事实表重算。
A5: 3. 改造要点：去掉合并单元格、多行标题、汇总行混排；一列一属性；正文不含核验说明；每条记录有唯一编号用于去重。
A6: 4. 字段与第二阶段统一字段规范一致：唯一编号、采集/发布时间、平台、具体来源、账号、正文、链接、地区/地区组/省份/城市/IP属地、语言、态度、问题类别、互动量、是否重点、是否计入、备注。
A7: 5. 现有 16 个 Excel 的对应关系：
A8: 各平台「有效舆情明细 / 扁平化数据」→ 舆情事实表
A9: 「平台统计 / 公众意见汇总」→ 平台维度表（建议公式重算，不再手工填）
A10: 「地区统计 / 省级态度统计」→ 地区维度表、省级维度表
A11: 「语言统计」→ 语言维度表
A12: 「非支持态度统计 / 非支持来源与原话」→ 非支持态度表
A13: 「监测来源统计 / 查看信息统计」→ 监测来源与查看信息表
... A18: 省级维度表保持原省级统计，二者口径一致。

Sheet 舆情事实表
A1: 唯一编号 | B1: 采集时间 | C1: 发布时间 | D1: 平台 | E1: 平台组 | F1: 具体来源 | G1: 账号 | H1: 正文 | I1: 原始链接 | J1: 地区 | K1: 地区组 | L1: 省份 | M1: 城市 | N1: IP属地 | O1: 语言 | P1: 是否少数民族语言 | Q1: 总体态度 | R1: 具体问题类别 | S1: 点赞量 | T1: 评论量 | U1: 转发量 | V1: 是否重点 | W1: 是否计入统计 | X1: 备注
A2: OQ-20260814-0001 | B2: 46248.085 | C2: 46248.074 | D2: 微博 | E2: 微博/热榜 | F2: 微博热榜·民族话题 | G2: @示例用户A | H2: 支持民族团结进步促进法，各民族要像石榴籽一样紧紧抱在一起。 | I2: https://weibo.com/example/0001 | J2: 四川 | K2: 四川、甘肃民族地区 | L2: 四川 | M2: 成都 | N2: 四川 | O2: 中文 | P2: 否 | Q2: 支持认可 | R2: - | S2: 328 | T2: 56 | U2: 12 | V2: 否 | W2: 是 | X2: 示例数据，可删除
A3: OQ-20260814-0002 | B3: 46248.087 | C3: 46248.085 | D3: 抖音 | E3: 抖音等视频平台 | F3: 抖音·普法视频评论区 | G3: 示例账号B | H3: 请问促进法对少数民族学生升学、就业有什么具体保护措施？ | I3: https://douyin.com/example/0002 | J3: 新疆 | K3: 新疆 | L3: 新疆 | M3: 乌鲁木齐 | N3: 新疆 | O3: 中文 | P3: 否 | Q3: 咨询疑问 | R3: 咨询疑问 | S3: 12 | T3: 3 | U3: 0 | V3: 否 | W3: 是 | X3: 示例数据
A4: OQ-20260814-0003 | B4: 46248.089 | C4: 46248.062 | D4: 快手 | E4: 快手 | F4: 彝语口播普法视频 | G4: 示例账号C | H4: （彝语）支持促进法，希望家乡越来越团结。 | I4: https://kuaishou.com/example/0003 | J4: 云南 | K4: 云南东中部民族地区 | L4: 云南 | M4: 楚雄 | N4: 云南 | O4: 彝语 | P4: 是 | Q4: 支持认可 | R4: - | S4: 66 | T4: 8 | U4: 2 | V4: 否 | W4: 是 | X4: 示例数据
A5: OQ-20260814-0004 | B5: 46248.091 | C5: 46248.038 | D5: 微信公众号 | E5: 微信公众号/视频号 | F5: 本地融媒文章评论区 | G5: 示例公众号D | H5: 希望执法不要走过场，真正保护少数民族就业权益。 | I5: https://mp.weixin.qq.com/example/0004 | J5: 甘肃 | K5: 四川、甘肃民族地区 | L5: 甘肃 | M5: 兰州 | N5: 甘肃 | O5: 中文 | P5: 否 | Q5: 担忧影响 | R5: 担忧影响 | S5: 5 | T5: 2 | U5: 0 | V5: 否 | W5: 是 | X5: 示例数据
A6: OQ-20260814-0005 | B6: 46248.093 | C6: 46248.09 | D6: 知乎 | E6: 知乎/B站/百度知道 | F6: 法律话题回答 | G6: 示例用户E | H6: 促进法实施后如何界定“民族歧视”？建议尽快出台细则。 | I6: https://zhihu.com/example/0005 | J6: 北京 | K6: 北京 | L6: 北京 | M6: 北京 | N6: 北京 | O6: 中文 | P6: 否 | Q6: 咨询疑问 | R6: 咨询疑问 | S6: 41 | T6: 9 | U6: 1 | V6: 否 | W6: 是 | X6: 示例数据
A7: OQ-20260814-0006 | B7: 46248.096 | C7: 46248.05 | D7: 快手 | E7: 快手 | F7: 招聘信息评论区 | G7: 示例用户F | H7: 反映某公司招聘写明“汉族优先”，已截图，请核实处理。 | I7: https://kuaishou.com/example/0006 | J7: 内蒙古 | K7: 内蒙古、河北及东北 | L7: 内蒙古 | M7: 呼和浩特 | N7: 内蒙古 | O7: 中文 | P7: 否 | Q7: 明确批评 | R7: 歧视偏见 | S7: 89 | T7: 33 | U7: 5 | V7: 是 | W7: 是 | X7: 示例数据
A8: OQ-20260814-0007 | B8: 46248.097 | C8: 46248.087 | D8: B站 | E8: 知乎/B站/百度知道 | F8: 普法视频弹幕区 | G8: 示例用户G | H8: 支持，希望各民族像石榴籽一样团结。 | I8: https://bilibili.com/example/0007 | J8: 青海 | K8: 青海、西藏 | L8: 青海 | M8: 西宁 | N8: 青海 | O8: 中文 | P8: 否 | Q8: 支持认可 | R8: - | S8: 7 | T8: 1 | U8: 0 | V8: 否 | W8: 是 | X8: 示例数据
A9: OQ-20260814-0008 | B9: 46248.1 | C9: 46248.082 | D9: 今日头条 | E9: 贴吧/头条/新闻评论 | F9: 新闻评论区 | G9: 示例用户H | H9: 促进法很好，建议多开展双语普法宣传。 | I9: https://toutiao.com/example/0008 | J9: 西藏 | K9: 青海、西藏 | L9: 西藏 | M9: 拉萨 | N9: 西藏 | O9: 藏语 | P9: 是 | Q9: 参与建议 | R9: 参与建议 | S9: 23 | T9: 4 | U9: 1 | V9: 否 | W9: 是 | X9: 示例数据
A10: OQ-20260814-0009 | B10: 46248.102 | C10: 46248.089 | D10: 抖音 | E10: 抖音等视频平台 | F10: 视频评论区 | G10: 示例用户I | H10: 我们厂里招聘现在没那么多条条框框了，支持。 | I10: https://douyin.com/example/0009 | J10: 四川 | K10: 四川、甘肃民族地区 | L10: 四川 | M10: 凉山 | N10: 四川 | O10: 中文 | P10: 否 | Q10: 支持认可 | R10: - | S10: 152 | T10: 20 | U10: 3 | V10: 否 | W10: 是 | X10: 示例数据
A11: OQ-20260814-0010 | B11: 46248.104 | C11: 46248.084 | D11: 微博 | E11: 微博/热榜 | F11: 超话讨论 | G11: 示例用户J | H11: 担心促进法在基层落实不到位，希望能有监督渠道。 | I11: https://weibo.com/example/0010 | J11: 甘肃 | K11: 四川、甘肃民族地区 | L11: 甘肃 | M11: 临夏 | N11: 甘肃 | O11: 中文 | P11: 否 | Q11: 担忧影响 | R11: 担忧影响 | S11: 18 | T11: 7 | U11: 0 | V11: 否 | W11: 是 | X11: 示例数据
A12: OQ-20260814-0011 | B12: 46248.106 | C12: 46248.094 | D12: 微信公众号 | E12: 微信公众号/视频号 | F12: 评论区 | G12: 示例账号K | H12: 请问促进法对少数民族传统节日有什么规定？ | I12: https://mp.weixin.qq.com/example/0011 | J12: 广西 | K12: 广西 | L12: 广西 | M12: 南宁 | N12: 广西 | O12: 中文 | P12: 否 | Q12: 咨询疑问 | R12: 咨询疑问 | S12: 3 | T12: 1 | U12: 0 | V12: 否 | W12: 是 | X12: 示例数据
A13: OQ-20260814-0012 | B13: 46248.108 | C13: 46248.097 | D13: 快手 | E13: 快手 | F13: 评论区 | G13: 示例账号L | H13: 反对就业歧视，支持促进法！ | I13: https://kuaishou.com/example/0012 | J13: 宁夏 | K13: 宁夏、贵州、重庆、湖南、湖北、浙江 | L13: 宁夏 | M13: 银川 | N13: 宁夏 | O13: 中文 | P13: 否 | Q13: 支持认可 | R13: - | S13: 45 | T13: 6 | U13: 2 | V13: 否 | W13: 是 | X13: 示例数据
A14: site_news-06378a2c36730431 | B14: 46250.921 | C14: 46230 | D14: 政务网站 | E14: 省市政务/媒体网站 | F14: 河北省民族事务委员会·首页 | G14: 河北省民族事务委员会 | H14: 全国民族团结进步创建工作经验交流会议在湖北恩施州召开 | I14: https://mw.hebei.gov.cn/system/2026/07/27/030390635.shtml | J14: 河北 | L14: 河北 | O14: 中文 | P14: 否 | Q14: 待核实 | S14: 0 | T14: 0 | U14: 0 | V14: 否 | W14: 是 | X14: 网站通用采集模板（省民宗委）；标题级采集，发布时间来自列表页；正文与态度待扩展
A15: site_news-0ca5b813ca576889 | B15: 46250.921 | C15: 46244 | D15: 政务网站 | E15: 省市政务/媒体网站 | F15: 河北省民族事务委员会·首页 | G15: 河北省民族事务委员会 | H15: 顺应交往交流交融趋势，推动各民族互嵌式发展――四论学习贯彻民族团结进步促进法 | I15: https://mw.hebei.gov.cn/system/2026/08/10/030391920.shtml | J15: 河北 | L15: 河北 | O15: 中文 | P15: 否 | Q15: 待核实 | S15: 0 | T15: 0 | U15: 0 | V15: 否 | W15: 是 | X15: 网站通用采集模板（省民宗委）；标题级采集，发布时间来自列表页；正文与态度待扩展
A16: site_news-359a2b0284b42d81 | B16: 46250.921 | C16: 46237 | D16: 政务网站 | E16: 省市政务/媒体网站 | F16: 河北省民族事务委员会·首页 | G16: 河北省民族事务委员会 | H16: 用法律保障民族团结：中国共产党依法治理民族事务的百年历程 | I16: https://mw.hebei.gov.cn/system/2026/08/03/030391313.shtml | J16: 河北 | L16: 河北 | O16: 中文 | P16: 否 | Q16: 待核实 | S16: 0 | T16: 0 | U16: 0 | V16: 否 | W16: 是 | X16: 网站通用采集模板（省民宗委）；标题级采集，发布时间来自列表页；正文与态度待扩展
A17: site_news-4527f7c2b015dd2d | B17: 46250.921 | C17: 46223 | D17: 政务网站 | E17: 省市政务/媒体网站 | F17: 河北省民族事务委员会·首页 | G17: 河北省民族事务委员会 | H17: 夯实中华民族共同体建设的法治根基――一论学习贯彻民族团结进步促进法 | I17: https://mw.hebei.gov.cn/system/2026/07/19/030389906.shtml | J17: 河北 | L17: 河北 | O17: 中文 | P17: 否 | Q17: 待核实 | S17: 0 | T17: 0 | U17: 0 | V17: 否 | W17: 是 | X17: 网站通用采集模板（省民宗委）；标题级采集，发布时间来自列表页；正文与态度待扩展
A18: site_news-e5b0f8db56a8ef94 | B18: 46250.921 | C18: 46203 | D18: 政务网站 | E18: 省市政务/媒体网站 | F18: 河北省民族事务委员会·首页 | G18: 河北省民族事务委员会 | H18: 良法已就，善治在行：用法律保障民族团结 | I18: https://mw.hebei.gov.cn/system/2026/06/30/030387984.shtml | J18: 河北 | L18: 河北 | O18: 中文 | P18: 否 | Q18: 待核实 | S18: 0 | T18: 0 | U18: 0 | V18: 否 | W18: 是 | X18: 网站通用采集模板（省民宗委）；标题级采集，发布时间来自列表页；正文与态度待扩展

Sheet 平台维度表
A1: 平台组 | B1: 总量 | C1: 支持认可 | D1: 咨询疑问 | E1: 担忧影响 | F1: 明确批评 | G1: 参与建议 | H1: 非支持合计
A2: 微博/热榜 | B2: =COUNTIF('舆情事实表'!$E$2:$E$13,$A2) | C2: =COUNTIFS('舆情事实表'!$E$2:$E$13,$A2,'舆情事实表'!$Q$2:$Q$13,"支持认可") | D2: =COUNTIFS('舆情事实表'!$E$2:$E$13,$A2,'舆情事实表'!$R$2:$R$13,"咨询疑问") | E2: =COUNTIFS('舆情事实表'!$E$2:$E$13,$A2,'舆情事实表'!$R$2:$R$13,"担忧影响") | F2: =COUNTIFS('舆情事实表'!$E$2:$E$13,$A2,'舆情事实表'!$Q$2:$Q$13,"明确批评") | G2: =COUNTIFS('舆情事实表'!$E$2:$E$13,$A2,'舆情事实表'!$R$2:$R$13,"参与建议") | H2: =SUM(D2:F2)
A3: 抖音等视频平台 | B3: =COUNTIF('舆情事实表'!$E$2:$E$13,$A3) | C3: =COUNTIFS('舆情事实表'!$E$2:$E$13,$A3,'舆情事实表'!$Q$2:$Q$13,"支持认可") | D3: =COUNTIFS('舆情事实表'!$E$2:$E$13,$A3,'舆情事实表'!$R$2:$R$13,"咨询疑问") | E3: =COUNTIFS('舆情事实表'!$E$2:$E$13,$A3,'舆情事实表'!$R$2:$R$13,"担忧影响") | F3: =COUNTIFS('舆情事实表'!$E$2:$E$13,$A3,'舆情事实表'!$Q$2:$Q$13,"明确批评") | G3: =COUNTIFS('舆情事实表'!$E$2:$E$13,$A3,'舆情事实表'!$R$2:$R$13,"参与建议") | H3: =SUM(D3:F3)
A4: 快手 | B4: =COUNTIF('舆情事实表'!$E$2:$E$13,$A4) | C4: =COUNTIFS('舆情事实表'!$E$2:$E$13,$A4,'舆情事实表'!$Q$2:$Q$13,"支持认可") | D4: =COUNTIFS('舆情事实表'!$E$2:$E$13,$A4,'舆情事实表'!$R$2:$R$13,"咨询疑问") | E4: =COUNTIFS('舆情事实表'!$E$2:$E$13,$A4,'舆情事实表'!$R$2:$R$13,"担忧影响") | F4: =COUNTIFS('舆情事实表'!$E$2:$E$13,$A4,'舆情事实表'!$Q$2:$Q$13,"明确批评") | G4: =COUNTIFS('舆情事实表'!$E$2:$E$13,$A4,'舆情事实表'!$R$2:$R$13,"参与建议") | H4: =SUM(D4:F4)
A5: 小红书/豆瓣等平台 | B5: =COUNTIF('舆情事实表'!$E$2:$E$13,$A5) | C5: =COUNTIFS('舆情事实表'!$E$2:$E$13,$A5,'舆情事实表'!$Q$2:$Q$13,"支持认可") | D5: =COUNTIFS('舆情事实表'!$E$2:$E$13,$A5,'舆情事实表'!$R$2:$R$13,"咨询疑问") | E5: =COUNTIFS('舆情事实表'!$E$2:$E$13,$A5,'舆情事实表'!$R$2:$R$13,"担忧影响") | F5: =COUNTIFS('舆情事实表'!$E$2:$E$13,$A5,'舆情事实表'!$Q$2:$Q$13,"明确批评") | G5: =COUNTIFS('舆情事实表'!$E$2:$E$13,$A5,'舆情事实表'!$R$2:$R$13,"参与建议") | H5: =SUM(D5:F5)
A6: 知乎/B站/百度知道 | B6: =COUNTIF('舆情事实表'!$E$2:$E$13,$A6) | C6: =COUNTIFS('舆情事实表'!$E$2:$E$13,$A6,'舆情事实表'!$Q$2:$Q$13,"支持认可") | D6: =COUNTIFS('舆情事实表'!$E$2:$E$13,$A6,'舆情事实表'!$R$2:$R$13,"咨询疑问") | E6: =COUNTIFS('舆情事实表'!$E$2:$E$13,$A6,'舆情事实表'!$R$2:$R$13,"担忧影响") | F6: =COUNTIFS('舆情事实表'!$E$2:$E$13,$A6,'舆情事实表'!$Q$2:$Q$13,"明确批评") | G6: =COUNTIFS('舆情事实表'!$E$2:$E$13,$A6,'舆情事实表'!$R$2:$R$13,"参与建议") | H6: =SUM(D6:F6)
A7: 贴吧/头条/新闻评论 | B7: =COUNTIF('舆情事实表'!$E$2:$E$13,$A7) | C7: =COUNTIFS('舆情事实表'!$E$2:$E$13,$A7,'舆情事实表'!$Q$2:$Q$13,"支持认可") | D7: =COUNTIFS('舆情事实表'!$E$2:$E$13,$A7,'舆情事实表'!$R$2:$R$13,"咨询疑问") | E7: =COUNTIFS('舆情事实表'!$E$2:$E$13,$A7,'舆情事实表'!$R$2:$R$13,"担忧影响") | F7: =COUNTIFS('舆情事实表'!$E$2:$E$13,$A7,'舆情事实表'!$Q$2:$Q$13,"明确批评") | G7: =COUNTIFS('舆情事实表'!$E$2:$E$13,$A7,'舆情事实表'!$R$2:$R$13,"参与建议") | H7: =SUM(D7:F7)
A8: 微信公众号/视频号 | B8: =COUNTIF('舆情事实表'!$E$2:$E$13,$A8) | C8: =COUNTIFS('舆情事实表'!$E$2:$E$13,$A8,'舆情事实表'!$Q$2:$Q$13,"支持认可") | D8: =COUNTIFS('舆情事实表'!$E$2:$E$13,$A8,'舆情事实表'!$R$2:$R$13,"咨询疑问") | E8: =COUNTIFS('舆情事实表'!$E$2:$E$13,$A8,'舆情事实表'!$R$2:$R$13,"担忧影响") | F8: =COUNTIFS('舆情事实表'!$E$2:$E$13,$A8,'舆情事实表'!$Q$2:$Q$13,"明确批评") | G8: =COUNTIFS('舆情事实表'!$E$2:$E$13,$A8,'舆情事实表'!$R$2:$R$13,"参与建议") | H8: =SUM(D8:F8)
A9: 合计 | B9: =SUM(B2:B8) | C9: =SUM(C2:C8) | D9: =SUM(D2:D8) | E9: =SUM(E2:E8) | F9: =SUM(F2:F8) | G9: =SUM(G2:G8) | H9: =SUM(H2:H8)

Sheet 地区维度表
A1: 省份 | B1: 总量 | C1: 支持认可 | D1: 咨询疑问 | E1: 担忧影响 | F1: 明确批评 | G1: 参与建议 | H1: 非支持合计
A2: 北京 | B2: =COUNTIF('舆情事实表'!$L$2:$L$1000,$A2) | C2: =COUNTIFS('舆情事实表'!$L$2:$L$1000,$A2,'舆情事实表'!$Q$2:$Q$1000,"支持认可") | D2: =COUNTIFS('舆情事实表'!$L$2:$L$1000,$A2,'舆情事实表'!$R$2:$R$1000,"咨询疑问") | E2: =COUNTIFS('舆情事实表'!$L$2:$L$1000,$A2,'舆情事实表'!$R$2:$R$1000,"担忧影响") | F2: =COUNTIFS('舆情事实表'!$L$2:$L$1000,$A2,'舆情事实表'!$Q$2:$Q$1000,"明确批评") | G2: =COUNTIFS('舆情事实表'!$L$2:$L$1000,$A2,'舆情事实表'!$R$2:$R$1000,"参与建议") | H2: =SUM(D2:F2)
A3: 天津 | B3: =COUNTIF('舆情事实表'!$L$2:$L$1000,$A3) | C3: =COUNTIFS('舆情事实表'!$L$2:$L$1000,$A3,'舆情事实表'!$Q$2:$Q$1000,"支持认可") | D3: =COUNTIFS('舆情事实表'!$L$2:$L$1000,$A3,'舆情事实表'!$R$2:$R$1000,"咨询疑问") | E3: =COUNTIFS('舆情事实表'!$L$2:$L$1000,$A3,'舆情事实表'!$R$2:$R$1000,"担忧影响") | F3: =COUNTIFS('舆情事实表'!$L$2:$L$1000,$A3,'舆情事实表'!$Q$2:$Q$1000,"明确批评") | G3: =COUNTIFS('舆情事实表'!$L$2:$L$1000,$A3,'舆情事实表'!$R$2:$R$1000,"参与建议") | H3: =SUM(D3:F3)
A4: 河北 | B4: =COUNTIF('舆情事实表'!$L$2:$L$1000,$A4) | C4: =COUNTIFS('舆情事实表'!$L$2:$L$1000,$A4,'舆情事实表'!$Q$2:$Q$1000,"支持认可") | D4: =COUNTIFS('舆情事实表'!$L$2:$L$1000,$A4,'舆情事实表'!$R$2:$R$1000,"咨询疑问") | E4: =COUNTIFS('舆情事实表'!$L$2:$L$1000,$A4,'舆情事实表'!$R$2:$R$1000,"担忧影响") | F4: =COUNTIFS('舆情事实表'!$L$2:$L$1000,$A4,'舆情事实表'!$Q$2:$Q$1000,"明确批评") | G4: =COUNTIFS('舆情事实表'!$L$2:$L$1000,$A4,'舆情事实表'!$R$2:$R$1000,"参与建议") | H4: =SUM(D4:F4)
A5: 山西 | B5: =COUNTIF('舆情事实表'!$L$2:$L$1000,$A5) | C5: =COUNTIFS('舆情事实表'!$L$2:$L$1000,$A5,'舆情事实表'!$Q$2:$Q$1000,"支持认可") | D5: =COUNTIFS('舆情事实表'!$L$2:$L$1000,$A5,'舆情事实表'!$R$2:$R$1000,"咨询疑问") | E5: =COUNTIFS('舆情事实表'!$L$2:$L$1000,$A5,'舆情事实表'!$R$2:$R$1000,"担忧影响") | F5: =COUNTIFS('舆情事实表'!$L$2:$L$1000,$A5,'舆情事实表'!$Q$2:$Q$1000,"明确批评") | G5: =COUNTIFS('舆情事实表'!$L$2:$L$1000,$A5,'舆情事实表'!$R$2:$R$1000,"参与建议") | H5: =SUM(D5:F5)
A6: 内蒙古 | B6: =COUNTIF('舆情事实表'!$L$2:$L$1000,$A6) | C6: =COUNTIFS('舆情事实表'!$L$2:$L$1000,$A6,'舆情事实表'!$Q$2:$Q$1000,"支持认可") | D6: =COUNTIFS('舆情事实表'!$L$2:$L$1000,$A6,'舆情事实表'!$R$2:$R$1000,"咨询疑问") | E6: =COUNTIFS('舆情事实表'!$L$2:$L$1000,$A6,'舆情事实表'!$R$2:$R$1000,"担忧影响") | F6: =COUNTIFS('舆情事实表'!$L$2:$L$1000,$A6,'舆情事实表'!$Q$2:$Q$1000,"明确批评") | G6: =COUNTIFS('舆情事实表'!$L$2:$L$1000,$A6,'舆情事实表'!$R$2:$R$1000,"参与建议") | H6: =SUM(D6:F6)
A7: 辽宁 | B7: =COUNTIF('舆情事实表'!$L$2:$L$1000,$A7) | C7: =COUNTIFS('舆情事实表'!$L$2:$L$1000,$A7,'舆情事实表'!$Q$2:$Q$1000,"支持认可") | D7: =COUNTIFS('舆情事实表'!$L$2:$L$1000,$A7,'舆情事实表'!$R$2:$R$1000,"咨询疑问") | E7: =COUNTIFS('舆情事实表'!$L$2:$L$1000,$A7,'舆情事实表'!$R$2:$R$1000,"担忧影响") | F7: =COUNTIFS('舆情事实表'!$L$2:$L$1000,$A7,'舆情事实表'!$Q$2:$Q$1000,"明确批评") | G7: =COUNTIFS('舆情事实表'!$L$2:$L$1000,$A7,'舆情事实表'!$R$2:$R$1000,"参与建议") | H7: =SUM(D7:F7)
A8: 吉林 | B8: =COUNTIF('舆情事实表'!$L$2:$L$1000,$A8) | C8: =COUNTIFS('舆情事实表'!$L$2:$L$1000,$A8,'舆情事实表'!$Q$2:$Q$1000,"支持认可") | D8: =COUNTIFS('舆情事实表'!$L$2:$L$1000,$A8,'舆情事实表'!$R$2:$R$1000,"咨询疑问") | E8: =COUNTIFS('舆情事实表'!$L$2:$L$1000,$A8,'舆情事实表'!$R$2:$R$1000,"担忧影响") | F8: =COUNTIFS('舆情事实表'!$L$2:$L$1000,$A8,'舆情事实表'!$Q$2:$Q$1000,"明确批评") | G8: =COUNTIFS('舆情事实表'!$L$2:$L$1000,$A8,'舆情事实表'!$R$2:$R$1000,"参与建议") | H8: =SUM(D8:F8)
A9: 黑龙江 | B9: =COUNTIF('舆情事实表'!$L$2:$L$1000,$A9) | C9: =COUNTIFS('舆情事实表'!$L$2:$L$1000,$A9,'舆情事实表'!$Q$2:$Q$1000,"支持认可") | D9: =COUNTIFS('舆情事实表'!$L$2:$L$1000,$A9,'舆情事实表'!$R$2:$R$1000,"咨询疑问") | E9: =COUNTIFS('舆情事实表'!$L$2:$L$1000,$A9,'舆情事实表'!$R$2:$R$1000,"担忧影响") | F9: =COUNTIFS('舆情事实表'!$L$2:$L$1000,$A9,'舆情事实表'!$Q$2:$Q$1000,"明确批评") | G9: =COUNTIFS('舆情事实表'!$L$2:$L$1000,$A9,'舆情事实表'!$R$2:$R$1000,"参与建议") | H9: =SUM(D9:F9)
A10: 上海 | B10: =COUNTIF('舆情事实表'!$L$2:$L$1000,$A10) | C10: =COUNTIFS('舆情事实表'!$L$2:$L$1000,$A10,'舆情事实表'!$Q$2:$Q$1000,"支持认可") | D10: =COUNTIFS('舆情事实表'!$L$2:$L$1000,$A10,'舆情事实表'!$R$2:$R$1000,"咨询疑问") | E10: =COUNTIFS('舆情事实表'!$L$2:$L$1000,$A10,'舆情事实表'!$R$2:$R$1000,"担忧影响") | F10: =COUNTIFS('舆情事实表'!$L$2:$L$1000,$A10,'舆情事实表'!$Q$2:$Q$1000,"明确批评") | G10: =COUNTIFS('舆情事实表'!$L$2:$L$1000,$A10,'舆情事实表'!$R$2:$R$1000,"参与建议") | H10: =SUM(D10:F10)
A11: 江苏 | B11: =COUNTIF('舆情事实表'!$L$2:$L$1000,$A11) | C11: =COUNTIFS('舆情事实表'!$L$2:$L$1000,$A11,'舆情事实表'!$Q$2:$Q$1000,"支持认可") | D11: =COUNTIFS('舆情事实表'!$L$2:$L$1000,$A11,'舆情事实表'!$R$2:$R$1000,"咨询疑问") | E11: =COUNTIFS('舆情事实表'!$L$2:$L$1000,$A11,'舆情事实表'!$R$2:$R$1000,"担忧影响") | F11: =COUNTIFS('舆情事实表'!$L$2:$L$1000,$A11,'舆情事实表'!$Q$2:$Q$1000,"明确批评") | G11: =COUNTIFS('舆情事实表'!$L$2:$L$1000,$A11,'舆情事实表'!$R$2:$R$1000,"参与建议") | H11: =SUM(D11:F11)
A12: 浙江 | B12: =COUNTIF('舆情事实表'!$L$2:$L$1000,$A12) | C12: =COUNTIFS('舆情事实表'!$L$2:$L$1000,$A12,'舆情事实表'!$Q$2:$Q$1000,"支持认可") | D12: =COUNTIFS('舆情事实表'!$L$2:$L$1000,$A12,'舆情事实表'!$R$2:$R$1000,"咨询疑问") | E12: =COUNTIFS('舆情事实表'!$L$2:$L$1000,$A12,'舆情事实表'!$R$2:$R$1000,"担忧影响") | F12: =COUNTIFS('舆情事实表'!$L$2:$L$1000,$A12,'舆情事实表'!$Q$2:$Q$1000,"明确批评") | G12: =COUNTIFS('舆情事实表'!$L$2:$L$1000,$A12,'舆情事实表'!$R$2:$R$1000,"参与建议") | H12: =SUM(D12:F12)
A13: 安徽 | B13: =COUNTIF('舆情事实表'!$L$2:$L$1000,$A13) | C13: =COUNTIFS('舆情事实表'!$L$2:$L$1000,$A13,'舆情事实表'!$Q$2:$Q$1000,"支持认可") | D13: =COUNTIFS('舆情事实表'!$L$2:$L$1000,$A13,'舆情事实表'!$R$2:$R$1000,"咨询疑问") | E13: =COUNTIFS('舆情事实表'!$L$2:$L$1000,$A13,'舆情事实表'!$R$2:$R$1000,"担忧影响") | F13: =COUNTIFS('舆情事实表'!$L$2:$L$1000,$A13,'舆情事实表'!$Q$2:$Q$1000,"明确批评") | G13: =COUNTIFS('舆情事实表'!$L$2:$L$1000,$A13,'舆情事实表'!$R$2:$R$1000,"参与建议") | H13: =SUM(D13:F13)
... A33: 台湾 | B33: =COUNTIF('舆情事实表'!$L$2:$L$1000,$A33) | C33: =COUNTIFS('舆情事实表'!$L$2:$L$1000,$A33,'舆情事实表'!$Q$2:$Q$1000,"支持认可") | D33: =COUNTIFS('舆情事实表'!$L$2:$L$1000,$A33,'舆情事实表'!$R$2:$R$1000,"咨询疑问") | E33: =COUNTIFS('舆情事实表'!$L$2:$L$1000,$A33,'舆情事实表'!$R$2:$R$1000,"担忧影响") | F33: =COUNTIFS('舆情事实表'!$L$2:$L$1000,$A33,'舆情事实表'!$Q$2:$Q$1000,"明确批评") | G33: =COUNTIFS('舆情事实表'!$L$2:$L$1000,$A33,'舆情事实表'!$R$2:$R$1000,"参与建议") | H33: =SUM(D33:F33)
A34: 合计 | B34: =SUM(B2:B33) | C34: =SUM(C2:C33) | D34: =SUM(D2:D33) | E34: =SUM(E2:E33) | F34: =SUM(F2:F33) | G34: =SUM(G2:G33) | H34: =SUM(H2:H33)

Sheet 省级维度表
A1: 省份 | B1: 总量 | C1: 支持认可 | D1: 咨询疑问 | E1: 担忧影响 | F1: 明确批评 | G1: 参与建议 | H1: 非支持合计
A2: 四川 | B2: =COUNTIF('舆情事实表'!$L$2:$L$13,$A2) | C2: =COUNTIFS('舆情事实表'!$L$2:$L$13,$A2,'舆情事实表'!$Q$2:$Q$13,"支持认可") | D2: =COUNTIFS('舆情事实表'!$L$2:$L$13,$A2,'舆情事实表'!$R$2:$R$13,"咨询疑问") | E2: =COUNTIFS('舆情事实表'!$L$2:$L$13,$A2,'舆情事实表'!$R$2:$R$13,"担忧影响") | F2: =COUNTIFS('舆情事实表'!$L$2:$L$13,$A2,'舆情事实表'!$Q$2:$Q$13,"明确批评") | G2: =COUNTIFS('舆情事实表'!$L$2:$L$13,$A2,'舆情事实表'!$R$2:$R$13,"参与建议") | H2: =SUM(D2:F2)
A3: 甘肃 | B3: =COUNTIF('舆情事实表'!$L$2:$L$13,$A3) | C3: =COUNTIFS('舆情事实表'!$L$2:$L$13,$A3,'舆情事实表'!$Q$2:$Q$13,"支持认可") | D3: =COUNTIFS('舆情事实表'!$L$2:$L$13,$A3,'舆情事实表'!$R$2:$R$13,"咨询疑问") | E3: =COUNTIFS('舆情事实表'!$L$2:$L$13,$A3,'舆情事实表'!$R$2:$R$13,"担忧影响") | F3: =COUNTIFS('舆情事实表'!$L$2:$L$13,$A3,'舆情事实表'!$Q$2:$Q$13,"明确批评") | G3: =COUNTIFS('舆情事实表'!$L$2:$L$13,$A3,'舆情事实表'!$R$2:$R$13,"参与建议") | H3: =SUM(D3:F3)
A4: 新疆 | B4: =COUNTIF('舆情事实表'!$L$2:$L$13,$A4) | C4: =COUNTIFS('舆情事实表'!$L$2:$L$13,$A4,'舆情事实表'!$Q$2:$Q$13,"支持认可") | D4: =COUNTIFS('舆情事实表'!$L$2:$L$13,$A4,'舆情事实表'!$R$2:$R$13,"咨询疑问") | E4: =COUNTIFS('舆情事实表'!$L$2:$L$13,$A4,'舆情事实表'!$R$2:$R$13,"担忧影响") | F4: =COUNTIFS('舆情事实表'!$L$2:$L$13,$A4,'舆情事实表'!$Q$2:$Q$13,"明确批评") | G4: =COUNTIFS('舆情事实表'!$L$2:$L$13,$A4,'舆情事实表'!$R$2:$R$13,"参与建议") | H4: =SUM(D4:F4)
A5: 云南 | B5: =COUNTIF('舆情事实表'!$L$2:$L$13,$A5) | C5: =COUNTIFS('舆情事实表'!$L$2:$L$13,$A5,'舆情事实表'!$Q$2:$Q$13,"支持认可") | D5: =COUNTIFS('舆情事实表'!$L$2:$L$13,$A5,'舆情事实表'!$R$2:$R$13,"咨询疑问") | E5: =COUNTIFS('舆情事实表'!$L$2:$L$13,$A5,'舆情事实表'!$R$2:$R$13,"担忧影响") | F5: =COUNTIFS('舆情事实表'!$L$2:$L$13,$A5,'舆情事实表'!$Q$2:$Q$13,"明确批评") | G5: =COUNTIFS('舆情事实表'!$L$2:$L$13,$A5,'舆情事实表'!$R$2:$R$13,"参与建议") | H5: =SUM(D5:F5)
A6: 北京 | B6: =COUNTIF('舆情事实表'!$L$2:$L$13,$A6) | C6: =COUNTIFS('舆情事实表'!$L$2:$L$13,$A6,'舆情事实表'!$Q$2:$Q$13,"支持认可") | D6: =COUNTIFS('舆情事实表'!$L$2:$L$13,$A6,'舆情事实表'!$R$2:$R$13,"咨询疑问") | E6: =COUNTIFS('舆情事实表'!$L$2:$L$13,$A6,'舆情事实表'!$R$2:$R$13,"担忧影响") | F6: =COUNTIFS('舆情事实表'!$L$2:$L$13,$A6,'舆情事实表'!$Q$2:$Q$13,"明确批评") | G6: =COUNTIFS('舆情事实表'!$L$2:$L$13,$A6,'舆情事实表'!$R$2:$R$13,"参与建议") | H6: =SUM(D6:F6)
A7: 内蒙古 | B7: =COUNTIF('舆情事实表'!$L$2:$L$13,$A7) | C7: =COUNTIFS('舆情事实表'!$L$2:$L$13,$A7,'舆情事实表'!$Q$2:$Q$13,"支持认可") | D7: =COUNTIFS('舆情事实表'!$L$2:$L$13,$A7,'舆情事实表'!$R$2:$R$13,"咨询疑问") | E7: =COUNTIFS('舆情事实表'!$L$2:$L$13,$A7,'舆情事实表'!$R$2:$R$13,"担忧影响") | F7: =COUNTIFS('舆情事实表'!$L$2:$L$13,$A7,'舆情事实表'!$Q$2:$Q$13,"明确批评") | G7: =COUNTIFS('舆情事实表'!$L$2:$L$13,$A7,'舆情事实表'!$R$2:$R$13,"参与建议") | H7: =SUM(D7:F7)
A8: 青海 | B8: =COUNTIF('舆情事实表'!$L$2:$L$13,$A8) | C8: =COUNTIFS('舆情事实表'!$L$2:$L$13,$A8,'舆情事实表'!$Q$2:$Q$13,"支持认可") | D8: =COUNTIFS('舆情事实表'!$L$2:$L$13,$A8,'舆情事实表'!$R$2:$R$13,"咨询疑问") | E8: =COUNTIFS('舆情事实表'!$L$2:$L$13,$A8,'舆情事实表'!$R$2:$R$13,"担忧影响") | F8: =COUNTIFS('舆情事实表'!$L$2:$L$13,$A8,'舆情事实表'!$Q$2:$Q$13,"明确批评") | G8: =COUNTIFS('舆情事实表'!$L$2:$L$13,$A8,'舆情事实表'!$R$2:$R$13,"参与建议") | H8: =SUM(D8:F8)
A9: 西藏 | B9: =COUNTIF('舆情事实表'!$L$2:$L$13,$A9) | C9: =COUNTIFS('舆情事实表'!$L$2:$L$13,$A9,'舆情事实表'!$Q$2:$Q$13,"支持认可") | D9: =COUNTIFS('舆情事实表'!$L$2:$L$13,$A9,'舆情事实表'!$R$2:$R$13,"咨询疑问") | E9: =COUNTIFS('舆情事实表'!$L$2:$L$13,$A9,'舆情事实表'!$R$2:$R$13,"担忧影响") | F9: =COUNTIFS('舆情事实表'!$L$2:$L$13,$A9,'舆情事实表'!$Q$2:$Q$13,"明确批评") | G9: =COUNTIFS('舆情事实表'!$L$2:$L$13,$A9,'舆情事实表'!$R$2:$R$13,"参与建议") | H9: =SUM(D9:F9)
A10: 广西 | B10: =COUNTIF('舆情事实表'!$L$2:$L$13,$A10) | C10: =COUNTIFS('舆情事实表'!$L$2:$L$13,$A10,'舆情事实表'!$Q$2:$Q$13,"支持认可") | D10: =COUNTIFS('舆情事实表'!$L$2:$L$13,$A10,'舆情事实表'!$R$2:$R$13,"咨询疑问") | E10: =COUNTIFS('舆情事实表'!$L$2:$L$13,$A10,'舆情事实表'!$R$2:$R$13,"担忧影响") | F10: =COUNTIFS('舆情事实表'!$L$2:$L$13,$A10,'舆情事实表'!$Q$2:$Q$13,"明确批评") | G10: =COUNTIFS('舆情事实表'!$L$2:$L$13,$A10,'舆情事实表'!$R$2:$R$13,"参与建议") | H10: =SUM(D10:F10)
A11: 宁夏 | B11: =COUNTIF('舆情事实表'!$L$2:$L$13,$A11) | C11: =COUNTIFS('舆情事实表'!$L$2:$L$13,$A11,'舆情事实表'!$Q$2:$Q$13,"支持认可") | D11: =COUNTIFS('舆情事实表'!$L$2:$L$13,$A11,'舆情事实表'!$R$2:$R$13,"咨询疑问") | E11: =COUNTIFS('舆情事实表'!$L$2:$L$13,$A11,'舆情事实表'!$R$2:$R$13,"担忧影响") | F11: =COUNTIFS('舆情事实表'!$L$2:$L$13,$A11,'舆情事实表'!$Q$2:$Q$13,"明确批评") | G11: =COUNTIFS('舆情事实表'!$L$2:$L$13,$A11,'舆情事实表'!$R$2:$R$13,"参与建议") | H11: =SUM(D11:F11)
A12: 合计 | B12: =SUM(B2:B11) | C12: =SUM(C2:C11) | D12: =SUM(D2:D11) | E12: =SUM(E2:E11) | F12: =SUM(F2:F11) | G12: =SUM(G2:G11) | H12: =SUM(H2:H11)

Sheet 语言维度表
A1: 语言 | B1: 数量 | C1: 是否少数民族语言
A2: 中文 | B2: =COUNTIF('舆情事实表'!$O$2:$O$13,$A2) | C2: =IF($A2="中文","否","是")
A3: 彝语 | B3: =COUNTIF('舆情事实表'!$O$2:$O$13,$A3) | C3: =IF($A3="中文","否","是")
A4: 藏语 | B4: =COUNTIF('舆情事实表'!$O$2:$O$13,$A4) | C4: =IF($A4="中文","否","是")
A5: 合计 | B5: =SUM(B2:B4) | C5: —

Sheet 非支持态度表
A1: 类别 | B1: 数量 | C1: 说明
A2: 咨询疑问 | B2: =COUNTIF('舆情事实表'!$R$2:$R$13,$A2) | C2: 示例：总体态度为咨询/疑问的行
A3: 担忧影响 | B3: =COUNTIF('舆情事实表'!$R$2:$R$13,$A3) | C3: 示例：担忧、影响类问题
A4: 明确批评 | B4: =COUNTIF('舆情事实表'!$R$2:$R$13,$A4) | C4: 示例：按具体问题类别统计，可能并入歧视偏见等
A5: 歧视偏见 | B5: =COUNTIF('舆情事实表'!$R$2:$R$13,$A5) | C5: 示例：歧视类问题
A6: 合计 | B6: =SUM(B2:B5) | C6: 非支持/非肯定合计（按具体问题类别）

Sheet 监测来源与查看信息
A1: 类别 | B1: 层级 | C1: 平台组/地区 | D1: 数量 | E1: 说明
A2: 监测来源 | B2: 原平台组 | C2: B站 | D2: 1 | E2: 自动统计：事实表去重账号数（无账号记录按平台计1）
A3: 查看信息 | B3: 原平台组 | C3: B站 | D3: 1 | E3: 自动统计：事实表记录条数
A4: 监测来源 | B4: 原平台组 | C4: 今日头条 | D4: 1 | E4: 自动统计：事实表去重账号数（无账号记录按平台计1）
A5: 查看信息 | B5: 原平台组 | C5: 今日头条 | D5: 1 | E5: 自动统计：事实表记录条数
A6: 监测来源 | B6: 原平台组 | C6: 微信公众号 | D6: 2 | E6: 自动统计：事实表去重账号数（无账号记录按平台计1）
A7: 查看信息 | B7: 原平台组 | C7: 微信公众号 | D7: 2 | E7: 自动统计：事实表记录条数
A8: 监测来源 | B8: 原平台组 | C8: 微博 | D8: 2 | E8: 自动统计：事实表去重账号数（无账号记录按平台计1）
A9: 查看信息 | B9: 原平台组 | C9: 微博 | D9: 2 | E9: 自动统计：事实表记录条数
A10: 监测来源 | B10: 原平台组 | C10: 快手 | D10: 3 | E10: 自动统计：事实表去重账号数（无账号记录按平台计1）
A11: 查看信息 | B11: 原平台组 | C11: 快手 | D11: 3 | E11: 自动统计：事实表记录条数
A12: 监测来源 | B12: 原平台组 | C12: 抖音 | D12: 2 | E12: 自动统计：事实表去重账号数（无账号记录按平台计1）
A13: 查看信息 | B13: 原平台组 | C13: 抖音 | D13: 2 | E13: 自动统计：事实表记录条数
... A19: 查看信息 | B19: 合计（自动） | C19: - | D19: 17 | E19: 自动统计：事实表记录条数合计

Sheet 高热内容表
A1: 排名 | B1: 唯一编号 | C1: 平台 | D1: 账号 | E1: 标题/摘要 | F1: 点赞量 | G1: 评论量 | H1: 转发量 | I1: 发布时间 | J1: 原始链接
A2: 1 | B2: OQ-20260814-0001 | C2: =VLOOKUP($B2,'舆情事实表'!$A$2:$X$13,4,FALSE) | D2: =VLOOKUP($B2,'舆情事实表'!$A$2:$X$13,7,FALSE) | E2: =LEFT(VLOOKUP($B2,'舆情事实表'!$A$2:$X$13,8,FALSE),24) | F2: =VLOOKUP($B2,'舆情事实表'!$A$2:$X$13,19,FALSE) | G2: =VLOOKUP($B2,'舆情事实表'!$A$2:$X$13,20,FALSE) | H2: =VLOOKUP($B2,'舆情事实表'!$A$2:$X$13,21,FALSE) | I2: =VLOOKUP($B2,'舆情事实表'!$A$2:$X$13,3,FALSE) | J2: =VLOOKUP($B2,'舆情事实表'!$A$2:$X$13,9,FALSE)
A3: 2 | B3: OQ-20260814-0009 | C3: =VLOOKUP($B3,'舆情事实表'!$A$2:$X$13,4,FALSE) | D3: =VLOOKUP($B3,'舆情事实表'!$A$2:$X$13,7,FALSE) | E3: =LEFT(VLOOKUP($B3,'舆情事实表'!$A$2:$X$13,8,FALSE),24) | F3: =VLOOKUP($B3,'舆情事实表'!$A$2:$X$13,19,FALSE) | G3: =VLOOKUP($B3,'舆情事实表'!$A$2:$X$13,20,FALSE) | H3: =VLOOKUP($B3,'舆情事实表'!$A$2:$X$13,21,FALSE) | I3: =VLOOKUP($B3,'舆情事实表'!$A$2:$X$13,3,FALSE) | J3: =VLOOKUP($B3,'舆情事实表'!$A$2:$X$13,9,FALSE)
A4: 3 | B4: OQ-20260814-0006 | C4: =VLOOKUP($B4,'舆情事实表'!$A$2:$X$13,4,FALSE) | D4: =VLOOKUP($B4,'舆情事实表'!$A$2:$X$13,7,FALSE) | E4: =LEFT(VLOOKUP($B4,'舆情事实表'!$A$2:$X$13,8,FALSE),24) | F4: =VLOOKUP($B4,'舆情事实表'!$A$2:$X$13,19,FALSE) | G4: =VLOOKUP($B4,'舆情事实表'!$A$2:$X$13,20,FALSE) | H4: =VLOOKUP($B4,'舆情事实表'!$A$2:$X$13,21,FALSE) | I4: =VLOOKUP($B4,'舆情事实表'!$A$2:$X$13,3,FALSE) | J4: =VLOOKUP($B4,'舆情事实表'!$A$2:$X$13,9,FALSE)
A5: 4 | B5: OQ-20260814-0003 | C5: =VLOOKUP($B5,'舆情事实表'!$A$2:$X$13,4,FALSE) | D5: =VLOOKUP($B5,'舆情事实表'!$A$2:$X$13,7,FALSE) | E5: =LEFT(VLOOKUP($B5,'舆情事实表'!$A$2:$X$13,8,FALSE),24) | F5: =VLOOKUP($B5,'舆情事实表'!$A$2:$X$13,19,FALSE) | G5: =VLOOKUP($B5,'舆情事实表'!$A$2:$X$13,20,FALSE) | H5: =VLOOKUP($B5,'舆情事实表'!$A$2:$X$13,21,FALSE) | I5: =VLOOKUP($B5,'舆情事实表'!$A$2:$X$13,3,FALSE) | J5: =VLOOKUP($B5,'舆情事实表'!$A$2:$X$13,9,FALSE)
A6: 5 | B6: OQ-20260814-0012 | C6: =VLOOKUP($B6,'舆情事实表'!$A$2:$X$13,4,FALSE) | D6: =VLOOKUP($B6,'舆情事实表'!$A$2:$X$13,7,FALSE) | E6: =LEFT(VLOOKUP($B6,'舆情事实表'!$A$2:$X$13,8,FALSE),24) | F6: =VLOOKUP($B6,'舆情事实表'!$A$2:$X$13,19,FALSE) | G6: =VLOOKUP($B6,'舆情事实表'!$A$2:$X$13,20,FALSE) | H6: =VLOOKUP($B6,'舆情事实表'!$A$2:$X$13,21,FALSE) | I6: =VLOOKUP($B6,'舆情事实表'!$A$2:$X$13,3,FALSE) | J6: =VLOOKUP($B6,'舆情事实表'!$A$2:$X$13,9,FALSE)

Sheet 待清洗区
A1: 唯一编号 | B1: 采集时间 | C1: 平台 | D1: 账号 | E1: 正文 | F1: 地区 | G1: 省份 | H1: 语言 | I1: 总体态度 | J1: 清洗状态 | K1: 未通过原因/待办
A2: RAW-0001 | B2: 46248.139 | C2: 抖音 | D2: 示例用户M | E2: 请问促进法在新疆实施后怎么申请补贴？ | F2: 新疆 | I2: 咨询疑问 | J2: 待复核 | K2: 缺省份/城市/语言，补齐后再入库
A3: RAW-0002 | B3: 46248.149 | C3: 微博 | D3: 示例用户N | E3: 今天天气不错，出去走走。 | H3: 中文 | I3: 无法判断 | J3: 待复核 | K3: 未命中民族相关关键词，需人工判断
